episode,return
1.0,11.69623428615163
2.0,42.11296359270836
3.0,36.11680884728225
4.0,48.36978189400215
5.0,77.85476965025353
6.0,47.88747261827374
7.0,52.77272117785554
8.0,36.97112697528118
9.0,70.83899909714025
10.0,76.9274762801426
11.0,33.6237727089655
12.0,25.706135959674782
13.0,64.89700933853132
14.0,37.523760184408374
15.0,82.13065005955642
16.0,40.02623618109309
17.0,85.93381812516952
18.0,74.4400951120323
19.0,29.13042793597178
20.0,87.10293470418618
21.0,49.31151765790073
22.0,82.4128520857783
23.0,8.557496746234262
24.0,6.539778798821349
25.0,7.82945474063546
26.0,-0.7845967061434921
27.0,63.052030891478104
28.0,27.46700397575511
29.0,77.85324974145318
30.0,3.014364020382575
31.0,32.36092860609542
32.0,64.3835771899107
33.0,20.087482673927223
34.0,16.338045636684736
35.0,25.627510782130873
36.0,48.135571971663566
37.0,77.52566149432892
38.0,59.68575066433828
39.0,38.64132226110618
40.0,31.122834204940162
41.0,24.994479240326697
42.0,59.50936746434547
43.0,23.002972532470356
44.0,14.0996381718445
45.0,74.07433424799984
46.0,89.42525962753204
47.0,6.238707489366228
48.0,42.00870910796402
49.0,45.38118374347156
50.0,37.088159884318436
51.0,74.58304575131704
52.0,69.94291665821706
53.0,97.24411553795852
54.0,42.68542130990758
55.0,80.34576545331144
56.0,46.06739175009544
57.0,-0.6950090464307161
58.0,8.448925358303846
59.0,66.97149426254735
60.0,66.58091917817966
61.0,54.78498034516178
62.0,24.130244922225128
63.0,25.357972956703268
64.0,53.3123044212748
65.0,39.99475734955059
66.0,90.5096079891289
67.0,37.29510112874251
68.0,46.954832436692435
69.0,106.46942422503601
70.0,50.727349968592364
71.0,4.4419199051081595
72.0,26.345864240586415
73.0,34.37076574672153
74.0,31.813284584270967
75.0,42.68802452063454
76.0,88.82822836024032
77.0,43.007015576863274
78.0,18.71851428803425
79.0,24.256070477909084
80.0,42.51943946321877
81.0,108.85833213556812
82.0,37.750573481141146
83.0,9.292784291645908
84.0,54.268880842526194
85.0,39.128370621229934
86.0,53.08054585034686
87.0,38.88954944365415
88.0,77.56419289331755
89.0,54.96870588993312
90.0,8.569403355850323
91.0,83.85486056389904
92.0,7.050830652576551
93.0,10.081238638289538
94.0,99.5069562917788
95.0,96.96812266827453
96.0,17.69474189948158
97.0,24.703271398392456
98.0,92.8721308338846
99.0,101.33509356081187
100.0,33.54314868661355
101.0,34.650914676209176
102.0,22.866968831602815
103.0,45.689206655851144
104.0,45.78425098926986
105.0,29.34389679310197
106.0,8.098891905517268
107.0,10.492136011337283
108.0,42.14050817577175
109.0,90.3898855339277
110.0,59.89562387721954
111.0,34.331440606293675
112.0,67.61822967689571
113.0,48.54245472360779
114.0,45.819168490457834
115.0,96.92028389992073
116.0,43.54905544760486
117.0,87.14775262025157
118.0,85.4317651945688
119.0,60.9913885562675
120.0,25.74279948971805
121.0,95.73918484944808
122.0,45.445942560464054
123.0,45.39762865841611
124.0,48.96923927334779
125.0,95.33143005211912
126.0,47.665415816442234
127.0,13.90394682354964
128.0,71.76885759073357
129.0,26.72507146675341
130.0,47.89788649740377
131.0,35.48442148184936
132.0,28.30975175893817
133.0,35.42031523758332
134.0,22.9309376966894
135.0,72.02744506437347
136.0,40.42667005055752
137.0,75.8960245317932
138.0,42.68049636738938
139.0,76.55536168934537
140.0,26.235309019693094
141.0,4.917994729570554
142.0,57.137037728026215
143.0,21.084771102204307
144.0,19.13064821510376
145.0,86.74004275612036
146.0,78.70232511646587
147.0,17.506992179723515
148.0,22.609674683888787
149.0,114.38276345535503
150.0,26.650473031873208
151.0,79.49835957866554
152.0,27.74560358944155
153.0,14.02611223136163
154.0,60.18058049603258
155.0,93.76910904953992
156.0,57.42371035921022
157.0,11.838103258622926
158.0,10.742260529947007
159.0,43.90543904553786
160.0,32.064836653355776
161.0,12.231775596461704
162.0,17.792805230389725
163.0,7.204086575268091
164.0,27.949468763321764
165.0,31.66267937472806
166.0,7.025170925065254
167.0,20.913479811727875
168.0,24.408671007527104
169.0,87.11547618032782
170.0,26.404724946619314
171.0,83.97790295780241
172.0,33.3549008296902
173.0,25.930067786038347
174.0,-1.7406041946977084
175.0,78.57049488151044
176.0,51.47128667767579
177.0,-0.8401758902630805
178.0,27.061994879888857
179.0,5.543506829214161
180.0,40.48639983086129
181.0,50.50186687648938
182.0,37.68580633582533
183.0,58.050725569878495
184.0,32.98862929194712
185.0,68.10728316580284
186.0,63.988770380912506
187.0,78.47387865652881
188.0,91.2701611420197
189.0,34.20090804649697
190.0,101.50181785598708
191.0,105.11841049839795
192.0,44.43543195536093
193.0,6.9801539172335945
194.0,105.83932046625074
195.0,32.34112285639767
196.0,31.7363033994745
197.0,68.7774851642154
198.0,16.20124707633391
199.0,84.06854529508786
200.0,27.918181138070075
201.0,69.65327692047686
202.0,25.73901462079329
203.0,13.779298190840718
204.0,10.308881510512094
205.0,88.62396325688219
206.0,24.467082943163927
207.0,90.12687312951688
208.0,26.794547841436145
209.0,40.637005727593106
210.0,78.12033923982095
211.0,101.16954827181027
212.0,23.979440092671695
213.0,114.9589996308055
214.0,60.43576819771793
215.0,65.81404875706066
216.0,50.35236016827134
217.0,33.63935200484581
218.0,91.6287995003157
219.0,58.53858338213958
220.0,61.30112570293587
221.0,82.02859143207266
222.0,47.057661998404164
223.0,13.235326384259388
224.0,125.83972092627589
225.0,47.120580771425466
226.0,81.20602617521294
227.0,-0.0733623164413659
228.0,27.38665797289649
229.0,44.86247601242804
230.0,54.147691734184036
231.0,89.33818285470711
232.0,39.676361587658924
233.0,78.30267404244285
234.0,31.495990594183098
235.0,22.223448152227217
236.0,22.64193664905496
237.0,35.32455195638194
238.0,130.78363119856402
239.0,50.08928437127268
240.0,70.21335840828846
241.0,53.45868898156565
242.0,11.975118076156186
243.0,37.31480313328232
244.0,44.58371561213767
245.0,54.26867124040023
246.0,62.257627063847416
247.0,45.98877780896597
248.0,12.986928210657114
249.0,23.893150120936195
250.0,39.45300299778885
251.0,24.597124624516926
252.0,6.623729448075978
253.0,64.78367272978588
254.0,34.210868707886824
255.0,42.58934884053949
256.0,27.324642766217405
257.0,46.58633560188071
258.0,11.849113023546826
259.0,45.58325268008575
260.0,9.780174236267584
261.0,71.39739020554862
262.0,41.337135663986246
263.0,26.268080087447117
264.0,37.62999631817996
265.0,85.66859482091083
266.0,19.33566096762418
267.0,67.36185869076633
268.0,22.494726804082713
269.0,47.64432015739106
270.0,91.6709537609176
271.0,47.03288064410448
272.0,94.51221944444401
273.0,41.03733160614016
274.0,60.10100802295679
275.0,85.18050805157671
276.0,29.327381374233994
277.0,25.86586986699432
278.0,52.953269634497545
279.0,21.32412046016724
280.0,17.749686993678612
281.0,63.80097476607112
282.0,79.5098417581399
283.0,55.37727025382496
284.0,29.334123124377115
285.0,10.206393486698534
286.0,89.30820580401915
287.0,92.21220382180559
288.0,46.51661253043385
289.0,11.754336590377134
290.0,30.88769409292302
291.0,97.26798836783726
292.0,77.0552996253491
293.0,65.84335767324504
294.0,31.755438413479524
295.0,50.593517352094665
296.0,70.03756124570911
297.0,91.09488231860884
298.0,7.973066054287651
299.0,56.22495816061023
300.0,24.067197515179192
301.0,27.118751808555093
302.0,63.199345219166105
303.0,113.70996652915625
304.0,51.2151875026711
305.0,31.994891795059928
306.0,44.84233910242118
307.0,43.52431788841014
308.0,17.636259350045833
309.0,16.69110319596452
310.0,28.17336292681529
311.0,90.98575016691672
312.0,69.67798424035085
313.0,78.4383515683746
314.0,25.03237716633989
315.0,48.27816033758504
316.0,78.46644271412798
317.0,8.567753618144595
318.0,29.629089061662576
319.0,92.1583776236806
320.0,12.91879634267854
321.0,98.0608382119749
322.0,12.93116087873032
323.0,43.16316164152952
324.0,20.3352397921492
325.0,31.277203641871385
326.0,44.54923776396366
327.0,35.77855257159164
328.0,85.25340115725972
329.0,55.85532702452801
330.0,89.48036331093179
331.0,33.735453165936754
332.0,43.60446887665256
333.0,32.74403514964323
334.0,50.92725128904434
335.0,26.032348639452533
336.0,33.14462558998149
337.0,23.658396061153592
338.0,94.57604801063775
339.0,58.144714986322896
340.0,68.67071958787227
341.0,90.43272048457905
342.0,8.189817333275927
343.0,69.94701841215658
344.0,13.557671264331232
345.0,77.80693459449705
346.0,103.3784612084181
347.0,69.93527337386904
348.0,21.121438993350303
349.0,106.9450153214835
350.0,79.85626336966585
351.0,102.47721545992026
352.0,92.5042882551163
353.0,18.41730653610567
354.0,29.501027512492776
355.0,66.5478075794811
356.0,65.89731127183151
357.0,10.82907958813088
358.0,90.39299591362803
359.0,44.06959543851379
360.0,54.92315520362227
361.0,32.51862962108932
362.0,60.294096856397495
363.0,36.37927903328265
364.0,93.06150453292975
365.0,62.14774985935268
366.0,47.9469675338748
367.0,30.365812153780293
368.0,21.603225792680036
369.0,25.66666804663014
370.0,23.487479069353416
371.0,39.66849607296653
372.0,13.668526318680968
373.0,71.73628548661996
374.0,17.679580377092023
375.0,31.722450704863125
376.0,37.39226616885112
377.0,77.70449919185282
378.0,97.45490230950601
379.0,59.851995494710756
380.0,68.31019368197558
381.0,39.73942198085743
382.0,75.70792925760833
383.0,14.663560307775182
384.0,15.98099699326461
385.0,28.255463302475334
386.0,65.7861610107586
387.0,53.7100105097378
388.0,94.54637165765816
389.0,7.243017758005267
390.0,38.16485653911608
391.0,55.414436869352805
392.0,26.349653345255746
393.0,29.761954184842125
394.0,101.18159956281916
395.0,69.03060857445362
396.0,14.156362914732279
397.0,23.65380172841193
398.0,-0.48160602588461143
399.0,26.564526997195667
400.0,43.126362407977695
401.0,66.65863643506846
402.0,18.522422498846502
403.0,64.42452161472843
404.0,32.82361283169775
405.0,29.91310266406301
406.0,62.516700107808326
407.0,50.11148174192103
408.0,59.36560909788687
409.0,53.68891011779206
410.0,60.27244885140728
411.0,49.12103828787436
412.0,80.75392388778106
413.0,20.465952112862492
414.0,27.82407296769991
415.0,55.20334714936187
416.0,52.038576076502764
417.0,38.2157077484335
418.0,23.861999681513012
419.0,29.607666374975192
420.0,-8.496504748194546
421.0,83.19188938530795
422.0,66.88601258570544
423.0,76.74027063767002
424.0,58.19009567208973
425.0,66.72063556733973
426.0,84.47565806551776
427.0,68.55683140570302
428.0,6.117162477927028
429.0,-0.14489859456829027
430.0,59.44019265928414
431.0,81.15702575027436
432.0,15.6666889077563
433.0,37.47220168514181
434.0,22.047362848873206
435.0,92.45840592855916
436.0,66.27342071965644
437.0,21.859014755221846
438.0,31.06963591486689
439.0,25.220174044176822
440.0,119.2011297900679
441.0,17.418209219945858
442.0,52.87123691378921
443.0,60.87228955188685
444.0,53.738655209746476
445.0,106.17682503668141
446.0,17.098201153157518
447.0,31.342487934610567
448.0,43.21970787183135
449.0,58.575240542583316
450.0,35.713491711535944
451.0,94.9955232718018
452.0,32.4892659024785
453.0,65.88597746542581
454.0,19.833219235806276
455.0,25.471988764028566
456.0,64.30753674785
457.0,43.36306123115314
458.0,107.97519973440582
459.0,31.252836347515743
460.0,16.101893209639073
461.0,126.88969739151202
462.0,-1.144522954765738
463.0,85.77769051193647
464.0,98.79452878023281
465.0,34.718594874423
466.0,23.351596472284314
467.0,40.317891870180325
468.0,22.939970575015174
469.0,44.28874516139877
470.0,79.05444289826822
471.0,30.466560083253604
472.0,25.316544356511226
473.0,27.656259266303014
474.0,122.2319020320887
475.0,34.1348228511376
476.0,9.585153840257584
477.0,34.34527256072391
478.0,21.18841362920197
479.0,80.25638622494337
480.0,8.633010213230715
481.0,38.53423203878022
482.0,63.842056726590386
483.0,35.76615084912544
484.0,28.798115180145622
485.0,53.07967840779071
486.0,53.944085939021186
487.0,16.978321422621637
488.0,66.18236638773186
489.0,15.514595738831032
490.0,83.46640432576578
491.0,25.165844430446587
492.0,40.146171877212446
493.0,30.41345505938072
494.0,73.78895608648574
495.0,25.756004759923155
496.0,30.297707304117008
497.0,20.553730555530194
498.0,32.931119777328924
499.0,95.51581068619487
500.0,23.10778034305619
501.0,60.58927865956786
502.0,54.28427069543397
503.0,51.18772178629594
504.0,17.91399368814365
505.0,18.54802795965646
506.0,62.99772338255621
507.0,79.29391258744717
508.0,67.16404956745636
509.0,19.421750211083914
510.0,26.898379519477153
511.0,27.952711861915553
512.0,41.546676127774575
513.0,35.165630919361924
514.0,67.93626639917821
515.0,-2.7469075091390023
516.0,22.945484461323677
517.0,60.888640648179
518.0,76.36026612667547
519.0,65.17682844473444
520.0,53.349361903771104
521.0,40.31169252831985
522.0,0.08172870093376819
523.0,49.00973036318546
524.0,9.68945793772379
525.0,62.09188024383741
526.0,-1.482231681075408
527.0,62.46348948961976
528.0,54.524122709073815
529.0,68.0344015228413
530.0,26.809680058310757
531.0,66.79082435027887
532.0,51.25824467413111
533.0,22.90304204100713
534.0,28.21102021338646
535.0,73.68663510831007
536.0,37.41496377444262
537.0,104.5783054690301
538.0,27.966935222193364
539.0,40.7744686768121
540.0,10.9244538171996
541.0,22.282428094404434
542.0,58.500637735772955
543.0,85.23795375396537
544.0,60.06589425725354
545.0,42.693781923522884
546.0,57.13868244981203
547.0,30.19006691941356
548.0,26.446512384696803
549.0,64.70004785549476
550.0,42.754298753571284
551.0,92.37734558443124
552.0,40.641180003142004
553.0,66.5209440510079
554.0,93.01807372706126
555.0,33.871506707579634
556.0,65.1948011896644
557.0,11.857354478014305
558.0,58.94039721385978
559.0,29.7267400909754
560.0,71.19383873339869
561.0,7.304929787079278
562.0,47.844379254853315
563.0,15.483382273712635
564.0,44.5122511737706
565.0,55.40990042658439
566.0,31.952984545304474
567.0,105.68103486311485
568.0,62.938425752502695
569.0,32.707802193463706
570.0,67.80413128524576
571.0,17.49024693970389
572.0,73.85136215555073
573.0,120.35725163256492
574.0,59.94565230279493
575.0,118.88229345531376
576.0,25.839189220548246
577.0,25.497348318454215
578.0,41.05027816473701
579.0,59.78252320315761
580.0,4.086983378557771
581.0,18.258871223846505
582.0,37.130080667487405
583.0,71.76643073707643
584.0,80.44486228769195
585.0,62.900473164303484
586.0,17.585705818002417
587.0,18.868711461904237
588.0,23.978123918677266
589.0,27.015941688673607
590.0,23.74461644650692
591.0,37.28134536512637
592.0,46.44906107371389
593.0,73.66370330753297
594.0,85.58723155903688
595.0,27.41565439776029
596.0,86.6861439481932
597.0,28.143687602338822
598.0,85.72890257701995
599.0,39.52580831145359
600.0,34.39240462660923
601.0,37.08847410933475
602.0,58.414239504520836
603.0,96.8087413223026
604.0,43.312856951178674
605.0,66.5524738042234
606.0,23.72717298225634
607.0,54.39160159271155
608.0,88.10069147748257
609.0,64.38021551132827
610.0,93.43385311245412
611.0,80.28654471865718
612.0,8.276683227094695
613.0,17.3637455207216
614.0,28.23192644960355
615.0,5.193378371963639
616.0,30.805187943909488
617.0,103.43413113662722
618.0,24.49189209159375
619.0,85.3844492842355
620.0,70.12555789229859
621.0,95.1604678951598
622.0,42.06504394846907
623.0,31.99212707470815
624.0,73.60759767042691
625.0,33.26568859281328
626.0,19.018770003181444
627.0,23.512207733526697
628.0,17.15824849507895
629.0,52.80980192067612
630.0,83.33913071611543
631.0,12.480360178237516
632.0,54.48015367951323
633.0,5.347311615806281
634.0,104.31815610810119
635.0,38.24844016653876
636.0,7.718439377523842
637.0,51.71174357395489
638.0,86.2325714122224
639.0,45.06956065009822
640.0,110.01648192067536
641.0,80.00070041740601
642.0,132.2513826673653
643.0,81.24347806445196
644.0,109.8942359332082
645.0,90.44215119159534
646.0,52.8286726369206
647.0,30.89798896518974
648.0,27.82305322911991
649.0,36.25630919420877
650.0,37.11008096848118
651.0,52.69175331629118
652.0,63.62395212789307
653.0,58.67199396572536
654.0,89.47405309306363
655.0,50.30231385319365
656.0,23.913056318066754
657.0,9.393707861444788
658.0,24.769172654989276
659.0,54.73449582606725
660.0,112.52020669154697
661.0,32.25170141131354
662.0,35.00613230169764
663.0,89.73792767170134
664.0,70.14503440702148
665.0,58.08429481894519
666.0,32.250152878661915
667.0,-0.39897031955006523
668.0,19.437971594903903
669.0,84.72407851591056
670.0,24.883283571157385
671.0,42.664228709252605
672.0,45.917764121465616
673.0,114.96599257409338
674.0,98.03570614673761
675.0,46.65251146983416
676.0,70.74050539380994
677.0,44.64836969747226
678.0,15.696251844597233
679.0,94.5294909776009
680.0,39.034674226607855
681.0,20.83206639991275
682.0,37.474673145395926
683.0,32.2049942967997
684.0,33.99990294712856
685.0,9.780174236267584
686.0,50.32197136261056
687.0,28.659256073950296
688.0,32.408033223506585
689.0,17.934434618901566
690.0,86.54509933875919
691.0,42.36820827171467
692.0,76.50516510286216
693.0,30.44735957191054
694.0,40.0115006131995
695.0,115.67017064979785
696.0,36.23898126275083
697.0,19.744859394723857
698.0,0.152401575425388
699.0,3.525415520576779
700.0,63.809255870702124
701.0,21.823689179577862
702.0,48.011180841670566
703.0,17.9527316269527
704.0,16.832175665219122
705.0,53.36466406684336
706.0,42.76055738147945
707.0,26.039744288030818
708.0,73.47751490432933
709.0,97.00219145236177
710.0,5.120188719837115
711.0,51.00622867313113
712.0,82.48473914173488
713.0,91.32509953584336
714.0,40.46022256975526
715.0,59.47813054902665
716.0,5.437482585879597
717.0,95.27353943319993
718.0,16.630121620060027
719.0,-1.8316077295755564
720.0,33.777223965700614
721.0,4.732158009331961
722.0,45.31218705127397
723.0,33.98026290172817
724.0,18.644170311306706
725.0,92.67364452729225
726.0,37.02539256544808
727.0,25.562213544681896
728.0,38.121931627398354
729.0,60.02503303829795
730.0,42.38134575089783
731.0,78.64418696435463
732.0,24.97471953873504
733.0,31.80199611932634
734.0,30.502156231228195
735.0,20.050657625127883
736.0,33.57349530105495
737.0,73.85009240533506
738.0,108.69330994634682
739.0,24.273787890169533
740.0,106.0157714109683
741.0,90.67036403119559
742.0,96.4751707951477
743.0,27.340724743386577
744.0,116.15384391359865
745.0,22.343432264040462
746.0,27.667369215986994
747.0,100.00739045752628
748.0,17.834609736386362
749.0,59.70396463758586
750.0,69.7527195668295
751.0,89.63534088620686
752.0,63.45273528116295
753.0,54.70342399219174
754.0,18.161761683425887
755.0,48.07968483894651
756.0,41.30342158116597
757.0,22.864854641785552
758.0,32.806252627054505
759.0,59.795985653945046
760.0,56.33216485084501
761.0,20.745123266647298
762.0,29.923132209363445
763.0,27.647503848674166
764.0,-0.304271457961233
765.0,28.973593396321018
766.0,17.288106894158602
767.0,85.02870843175077
768.0,34.583681167750825
769.0,64.69152099300643
770.0,32.592140367091574
771.0,21.107784614659028
772.0,3.233018386861548
773.0,42.125257723455384
774.0,-0.7845967061434921
775.0,59.26189251909816
776.0,31.96554472766224
777.0,14.379256731252978
778.0,40.66293431873426
779.0,113.12986274030288
780.0,54.841036647408714
781.0,18.59423229080744
782.0,83.96110079428807
783.0,43.062062550615565
784.0,13.395243974184966
785.0,43.254423968401
786.0,43.159677614548464
787.0,69.91708771205194
788.0,57.0943989373953
789.0,100.09925903469087
790.0,-0.599134250010424
791.0,-1.9835064415795094
792.0,89.50222242405817
793.0,11.489371754621656
794.0,35.73032218559843
795.0,23.051590917940093
796.0,3.849620746087802
797.0,91.10037772164816
798.0,58.5311949777411
799.0,29.061317152558818
800.0,51.42553144240888
801.0,33.1042774300677
802.0,66.54195822987076
803.0,17.30307210819828
804.0,10.038530809056363
805.0,63.87481931992762
806.0,70.09599860934613
807.0,86.8162702097859
808.0,22.68688715839587
809.0,50.29487333577323
810.0,32.892905692936566
811.0,94.8427479846338
812.0,31.07573867844811
813.0,10.143243515303862
814.0,47.32721040424702
815.0,4.4390689202726366
816.0,69.47570443880348
817.0,85.19729508099213
818.0,70.12227431483063
819.0,33.594534852193064
820.0,76.42023700136943
821.0,82.25048676240722
822.0,95.43098625044975
823.0,84.97582195948854
824.0,63.675219692328064
825.0,87.26803719854199
826.0,106.11986800620397
827.0,69.07483196349372
828.0,34.4147077548909
829.0,36.708029815926935
830.0,24.439554143401416
831.0,26.146191429450248
832.0,60.92563488914897
833.0,50.151729182985136
834.0,38.23871408293062
835.0,86.43103325061023
836.0,88.46336846262788
837.0,100.90988458130559
838.0,72.45332457906885
839.0,-9.918855663732414
840.0,9.292113546217683
841.0,23.24300808645277
842.0,27.00426424034885
843.0,45.22911704482032
844.0,86.45923395536954
845.0,16.98918585029009
846.0,50.052794880984436
847.0,37.54478254456137
848.0,24.632740587954807
849.0,4.257948651691915
850.0,88.76131404924088
851.0,109.34150490628178
852.0,24.45247521876666
853.0,-0.669407293677781
854.0,38.44163469397876
855.0,92.60091733780935
856.0,34.18446331619727
857.0,35.06844428929041
858.0,45.024599653845925
859.0,30.462262378455243
860.0,126.58281996362759
861.0,29.403846323217046
862.0,40.74709302642112
863.0,63.92712919683533
864.0,106.79107413930214
865.0,24.571741551883328
866.0,33.60501228733014
867.0,8.225467337007007
868.0,78.48649831234222
869.0,36.52482659319568
870.0,69.71933677022086
871.0,15.879271636832387
872.0,57.608564196701145
873.0,-9.918855663732414
874.0,112.4003564634718
875.0,50.905523144275534
876.0,25.77810594543762
877.0,-8.452366910953016
878.0,17.21626020240795
879.0,34.25009897980654
880.0,29.96466638740608
881.0,76.32353493122555
882.0,39.19013957898359
883.0,33.29034061507655
884.0,31.756582757771653
885.0,27.63529178948205
886.0,73.17248775850409
887.0,69.05546166261325
888.0,41.25336650916684
889.0,27.221805885604937
890.0,20.703308411246713
891.0,32.15772732468453
892.0,85.3081704440558
893.0,56.454138033203144
894.0,49.223879377925414
895.0,26.423858724044056
896.0,37.4579812468567
897.0,92.33338687030228
898.0,41.78118047377184
899.0,43.098326753245544
900.0,27.866203131101326
901.0,56.61706885759049
902.0,57.82618133512074
903.0,113.95095445403327
904.0,53.49089647572094
905.0,56.11263497045261
906.0,112.10412164605756
907.0,82.19505877885426
908.0,36.85257533291837
909.0,125.00226480752032
910.0,72.80979013207448
911.0,40.468311056289565
912.0,30.737386691437823
913.0,71.92940995039416
914.0,14.621761902040959
915.0,25.16028696017722
916.0,31.936973997364092
917.0,33.375096140203595
918.0,31.940601113741067
919.0,50.02198037307946
920.0,12.66237771442571
921.0,25.51504798775022
922.0,66.57527155749897
923.0,46.60203071296067
924.0,84.30904064727405
925.0,51.58038798368276
926.0,61.54187171863431
927.0,134.07411391002051
928.0,26.511825419052048
929.0,56.620227341386716
930.0,88.43891009994552
931.0,85.9981396870879
932.0,18.312718327843506
933.0,24.83842267293045
934.0,55.729410140132686
935.0,122.55021930284336
936.0,17.810205653411806
937.0,31.557524318644756
938.0,57.286271214054445
939.0,83.92079662715341
940.0,97.99354382576283
941.0,26.953057556424646
942.0,90.74002713081413
943.0,39.311488693513695
944.0,24.184562602450153
945.0,19.003422279456082
946.0,21.607917662770564
947.0,98.46055412882392
948.0,86.72429052958307
949.0,60.36533140255573
950.0,62.51564084148381
951.0,57.502483614529474
952.0,59.22932729915532
953.0,79.74147685473064
954.0,81.85037491319687
955.0,48.11703938560752
956.0,29.95542118965849
957.0,43.48634095955173
958.0,9.566975023691155
959.0,63.72026217382259
960.0,25.096586812995692
961.0,27.64791107465976
962.0,18.72506760510295
963.0,26.703322308066245
964.0,26.61410716047913
965.0,79.92336438235554
966.0,33.54812802314818
967.0,62.65556990019804
968.0,64.36022186916922
969.0,42.047246601796296
970.0,90.06608127352109
971.0,81.61797957224258
972.0,47.78652055696623
973.0,25.340320345689104
974.0,30.841782877588592
975.0,16.716386488981033
976.0,19.64406549023555
977.0,56.88941549222617
978.0,27.65102565707636
979.0,32.548077239899136
980.0,16.420903233388323
981.0,22.477426556871237
982.0,52.828085183670744
983.0,48.074270560752524
984.0,23.358552169222822
985.0,35.513700394253085
986.0,43.84535359267221
987.0,110.56811293226863
988.0,1.3525535197267966
989.0,77.66230295934183
990.0,78.3984796190992
991.0,69.42563335442061
992.0,76.8646885307655
993.0,35.3817414550841
994.0,96.7656282700095
995.0,37.53802454778692
996.0,46.21990080328655
997.0,88.36334742550703
998.0,21.014111661109958
999.0,76.06288882237378
1000.0,100.69546400541793
1001.0,28.017786737939883
1002.0,97.58648822526483
1003.0,29.966276491228736
1004.0,95.12894470494538
1005.0,61.48022481159224
1006.0,30.499820310066962
1007.0,94.92887533992038
1008.0,36.11426786924844
1009.0,84.93876917922748
1010.0,18.50142171387313
1011.0,71.49464234774607
1012.0,85.50724599338608
1013.0,98.51058054427307
1014.0,37.69880770450687
1015.0,67.06008273496157
1016.0,48.801884734967736
1017.0,48.693503464034926
1018.0,77.5978024547336
1019.0,92.94285143800987
1020.0,55.95423988304808
1021.0,62.256130100006985
1022.0,40.19201141030658
1023.0,87.07659892857386
1024.0,133.28306960601702
1025.0,88.09520494043952
1026.0,30.537430143047022
1027.0,0.12320006478910445
1028.0,35.300119583562164
1029.0,103.94584047298918
1030.0,110.4970915313265
1031.0,89.75153881667975
1032.0,14.659756644916202
1033.0,70.55788408194653
1034.0,84.67209458725262
1035.0,51.197662760157556
1036.0,3.6222763456320273
1037.0,58.21582591790823
1038.0,32.52242117227663
1039.0,77.0955268281042
1040.0,108.70455259269244
1041.0,17.082066935713808
1042.0,32.9732381610217
1043.0,3.522627662032125
1044.0,23.59166935943188
1045.0,81.22119444719915
1046.0,36.571356763502706
1047.0,48.32807738200055
1048.0,46.83036292003343
1049.0,34.299809615406886
1050.0,23.66163549991146
1051.0,29.28213736530903
1052.0,15.72849416504722
1053.0,49.95758736624917
1054.0,90.07617218401738
1055.0,7.646557614814359
1056.0,43.448462888240826
1057.0,27.721687876776453
1058.0,30.265864306690432
1059.0,4.248255285381445
1060.0,58.22577753958437
1061.0,81.70639994196983
1062.0,11.51228244489081
1063.0,21.848086472972465
1064.0,32.343887107181594
1065.0,45.81409617061713
1066.0,59.990820089962504
1067.0,26.37992145100449
1068.0,102.5475848882785
1069.0,34.436502821941
1070.0,79.46859609630576
1071.0,23.054483189242422
1072.0,63.96839449789976
1073.0,44.668272617186325
1074.0,32.15551119785014
1075.0,73.65798541753578
1076.0,38.14344638830363
1077.0,61.25609454503351
1078.0,45.23885029277232
1079.0,72.06248788671734
1080.0,22.738502775181725
1081.0,51.64378977431738
1082.0,24.951322796593505
1083.0,9.506353871849297
1084.0,82.06294083734693
1085.0,36.80705638263562
1086.0,66.18384740873158
1087.0,7.8151267819147545
1088.0,83.8996639142807
1089.0,79.9455034225599
1090.0,47.52750283435438
1091.0,12.177966320990295
1092.0,67.39408334659188
1093.0,61.84262816932541
1094.0,84.09956599003428
1095.0,34.56872673744661
1096.0,32.62183080586024
1097.0,4.623338917168662
1098.0,79.33997753536993
1099.0,2.042286556923486
1100.0,44.779119442112716
1101.0,53.622910766682985
1102.0,121.24996395157123
1103.0,64.0883059007525
1104.0,30.494200652004775
1105.0,79.16495561123816
1106.0,86.6423842344791
1107.0,111.01881744598687
1108.0,30.46167541358173
1109.0,32.85730807770408
1110.0,107.2486388385152
1111.0,110.09435315157945
1112.0,68.63676478352545
1113.0,-0.9663684593995131
1114.0,46.37436121811327
1115.0,52.308649700178634
1116.0,15.044379044818806
1117.0,45.4974716181925
1118.0,45.62151527050749
1119.0,91.53968100419729
1120.0,99.47897662338762
1121.0,58.980758289631986
1122.0,15.750803955903837
1123.0,26.43522953264108
1124.0,57.362252301242805
1125.0,118.9503435026624
1126.0,38.42314919836995
1127.0,130.26402765479182
1128.0,-0.40990615478231684
1129.0,63.52069359183625
1130.0,88.87818477110399
1131.0,55.2545660444039
1132.0,29.359273050448532
1133.0,108.92751766247453
1134.0,91.96476966480957
1135.0,94.12757559915632
1136.0,36.87934852265615
1137.0,30.44705161323913
1138.0,50.84114001799585
1139.0,12.047511550724998
1140.0,20.116244698083413
1141.0,60.560236055514835
1142.0,74.4842610807161
1143.0,1.0288227934430285
1144.0,32.15651982935059
1145.0,50.207899420775284
1146.0,17.80051174253554
1147.0,34.63917813796243
1148.0,70.20126169227426
1149.0,31.885254720576768
1150.0,16.3990715152214
1151.0,85.2571791832363
1152.0,48.07154949469315
1153.0,23.711182436689057
1154.0,67.39809020806791
1155.0,13.741970782592803
1156.0,23.575311928309635
1157.0,101.04534505077942
1158.0,27.465776733446486
1159.0,34.620030398511005
1160.0,8.909815258939677
1161.0,83.1352803376994
1162.0,32.15671810730422
1163.0,48.867664167907456
1164.0,68.44580016906977
1165.0,47.56099206608137
1166.0,-3.861014938823754
1167.0,27.372777609897064
1168.0,68.80636521472161
1169.0,37.95594916314562
1170.0,55.87702291414993
1171.0,15.388552600345575
1172.0,8.638631044590488
1173.0,15.795565887501146
1174.0,40.05541330338598
1175.0,7.6617258197216085
1176.0,23.871552204497917
1177.0,65.54626054627282
1178.0,79.88844667172746
1179.0,83.40868527280405
1180.0,-9.918855663732414
1181.0,33.68948103487126
1182.0,79.50853176953044
1183.0,26.826247666979114
1184.0,47.18330396320216
1185.0,71.78042714141263
1186.0,48.266059464366
1187.0,32.64788433224753
1188.0,40.52621510113615
1189.0,82.48317539199219
1190.0,74.32864601706125
1191.0,37.533052540857845
1192.0,27.456588801905628
1193.0,26.91362255612768
1194.0,106.51871802068953
1195.0,24.13189384684221
1196.0,32.4979811806121
1197.0,53.14920586457564
1198.0,67.39600309550043
1199.0,62.88152657551874
1200.0,75.9775961094327
1201.0,60.007038730154555
1202.0,35.128544673067296
1203.0,65.26625317402485
1204.0,43.455791425248734
1205.0,69.69394133826057
1206.0,38.16691379368891
1207.0,17.066557044714383
1208.0,31.353960390778592
1209.0,29.839011643198734
1210.0,61.81098985743859
1211.0,103.50615376571093
1212.0,14.446018027938319
1213.0,25.47786667774146
1214.0,19.062432313248273
1215.0,10.68064090882905
1216.0,100.18472830991529
1217.0,21.21174265155481
1218.0,32.63284428700144
1219.0,36.21627347808412
1220.0,86.27687218815922
1221.0,80.11356724104428
1222.0,22.65164059895211
1223.0,53.67397165691541
1224.0,115.6545974796898
1225.0,88.545375165816
1226.0,43.510565851764774
1227.0,102.23688181477122
1228.0,23.995520233351364
1229.0,19.699415425415065
1230.0,35.61095195101373
1231.0,89.00346576770394
1232.0,45.39499944668245
1233.0,98.00179360304101
1234.0,30.6982332227171
1235.0,88.82113696633948
1236.0,93.06704831032168
1237.0,60.303652879717895
1238.0,50.26360409840327
1239.0,14.295233575295711
1240.0,82.24705411062833
1241.0,66.3502913540439
1242.0,61.79361633743558
1243.0,53.959641568811605
1244.0,6.516483132555033
1245.0,28.195292060644984
1246.0,77.5598753487892
1247.0,17.60007729080035
1248.0,71.7341585554623
1249.0,-2.062859933801039
1250.0,75.73209282570893
1251.0,9.178805497512965
1252.0,22.541913227253595
1253.0,55.095855150590985
1254.0,56.63159383297311
1255.0,74.82942807840377
1256.0,35.89532118459358
1257.0,52.98586137866217
1258.0,30.124072910347845
1259.0,31.48324542236883
1260.0,95.19753422842152
1261.0,-9.918855663732414
1262.0,88.6120653590892
1263.0,65.74960079366473
1264.0,88.93534252266542
1265.0,73.49941564363797
1266.0,56.560416011060994
1267.0,94.53989219599133
1268.0,52.8475730072973
1269.0,48.24645422419161
1270.0,45.695433144651176
1271.0,40.76794015773579
1272.0,97.4652057551659
1273.0,84.30521837092338
1274.0,13.954594968888973
1275.0,40.62432388511513
1276.0,9.085393009083676
1277.0,18.066446255184356
1278.0,61.05327690039877
1279.0,62.25831648945888
1280.0,34.080919576845574
1281.0,7.898393413247301
1282.0,99.92089604036966
1283.0,63.37228440572245
1284.0,48.41997315602909
1285.0,100.1481716496131
1286.0,101.59859821481965
1287.0,89.27803396894147
1288.0,56.26251841695816
1289.0,29.431910536574595
1290.0,30.69792707002541
1291.0,44.09309123226107
1292.0,30.515591515557382
1293.0,61.02255300057014
1294.0,69.16945743756058
1295.0,55.21585426563034
1296.0,93.54698934753203
1297.0,94.72766225666128
1298.0,31.412014314440547
1299.0,79.46295221593358
1300.0,81.87173537865164
1301.0,77.08755539469047
1302.0,23.200330020411585
1303.0,48.475083538127
1304.0,45.54764400916504
1305.0,71.53531809342346
1306.0,55.77370412796363
1307.0,80.26811158515187
1308.0,10.40218389224551
1309.0,42.68629130828643
1310.0,26.79510718962271
1311.0,42.4475667552809
1312.0,7.82945474063546
1313.0,29.320904710572332
1314.0,30.227028207326256
1315.0,58.25750913933023
1316.0,34.68991995328216
1317.0,34.28986217462519
1318.0,11.531315910342416
1319.0,23.331993359408568
1320.0,58.12605771378769
1321.0,50.19949297818481
1322.0,17.250569786544883
1323.0,62.305101556508674
1324.0,17.374449180598692
1325.0,3.3357226628272647
1326.0,33.92607598847929
1327.0,43.397972229009895
1328.0,22.376869621705634
1329.0,33.8320119863193
1330.0,104.70782177010847
1331.0,82.92687220283153
1332.0,101.0469325125469
1333.0,72.96131653464379
1334.0,34.287134065343345
1335.0,39.05722410836485
1336.0,54.82827288292736
1337.0,106.04404196333013
1338.0,112.36766871834386
1339.0,58.16022543639446
1340.0,39.92571709218734
1341.0,9.102885450989577
1342.0,16.32546554540578
1343.0,20.666723555729632
1344.0,13.812623927670584
1345.0,28.444501163739496
1346.0,74.74903381203747
1347.0,25.309073139816334
1348.0,70.47182424541566
1349.0,17.71852825136738
1350.0,47.91230134710554
1351.0,95.31932865305522
1352.0,45.57127170315803
1353.0,75.98035880999448
1354.0,32.87507988696235
1355.0,41.58341057195782
1356.0,26.152593231670657
1357.0,80.65728556967441
1358.0,65.70983970221664
1359.0,82.87299221916054
1360.0,93.32111933307706
1361.0,14.793861386873518
1362.0,1.8889379007886629
1363.0,32.75205681022196
1364.0,32.88053453760694
1365.0,73.40616875889474
1366.0,-8.985896803738244
1367.0,85.20120002116316
1368.0,16.439282845559134
1369.0,108.89345101560629
1370.0,95.49777267641016
1371.0,78.57455888337986
1372.0,26.194949202218925
1373.0,57.945802824691164
1374.0,25.41790697564539
1375.0,26.581869035422464
1376.0,69.17078621081212
1377.0,21.082815512748127
1378.0,80.43683614622138
1379.0,97.62733123388072
1380.0,53.17838548434714
1381.0,116.36206540453045
1382.0,32.86406277662889
1383.0,19.799229467445457
1384.0,100.67311905178407
1385.0,99.08294033401707
1386.0,44.27691266795541
1387.0,22.545633581917414
1388.0,78.38380114421737
1389.0,74.01339178883732
1390.0,66.21031005007612
1391.0,79.8071347751198
1392.0,42.21713823341155
1393.0,68.27366211068603
1394.0,75.50736316514337
1395.0,78.04853772058907
1396.0,85.10829707088163
1397.0,30.27984222355274
1398.0,16.61898337791464
1399.0,57.149135008716215
1400.0,40.16437732240318
1401.0,47.53380050280765
1402.0,19.266939048626565
1403.0,48.80280584436356
1404.0,90.7368998074832
1405.0,44.76692828729606
1406.0,28.873048624879942
1407.0,52.14504583478225
1408.0,72.85088447292874
1409.0,26.550718981129695
1410.0,32.786133501724365
1411.0,87.16515140639892
1412.0,98.87471211390233
1413.0,16.425186844163886
1414.0,75.87051961422756
1415.0,35.731066670695334
1416.0,91.7425161697199
1417.0,112.53253651305108
1418.0,56.970780489915086
1419.0,14.874623558161444
1420.0,19.326367983585854
1421.0,42.80180462827904
1422.0,27.291496595150186
1423.0,97.2317637700727
1424.0,38.63235818998877
1425.0,36.03773837148195
1426.0,33.52742393447182
1427.0,24.296175738774863
1428.0,66.05432790097503
1429.0,32.0796464133581
1430.0,84.81835565826219
1431.0,38.79975255537926
1432.0,38.800958494708745
1433.0,35.12591349391119
1434.0,56.20125914012936
1435.0,73.67812138127978
1436.0,95.7848849704485
1437.0,41.827497424336705
1438.0,35.52154675003338
1439.0,36.886896358897246
1440.0,91.75901803378252
1441.0,89.7904366611841
1442.0,32.345378593429785
1443.0,41.381645512718954
1444.0,8.72435280280661
1445.0,11.028148695509195
1446.0,89.04036243197808
1447.0,49.40306784075194
1448.0,63.452330343793314
1449.0,14.492647385711615
1450.0,46.66776745980303
1451.0,75.13033578388502
1452.0,63.47754048886332
1453.0,39.693305772479164
1454.0,84.74635165651308
1455.0,33.07361355023355
1456.0,53.8713730253399
1457.0,17.698040434339998
1458.0,46.646948860081096
1459.0,62.460726788437604
1460.0,19.998806532412267
1461.0,101.33009671075362
1462.0,50.591442771367085
1463.0,77.81449678899325
1464.0,12.781603689701718
1465.0,29.74783589363157
1466.0,92.46668625607398
1467.0,83.034158003144
1468.0,41.60554440428622
1469.0,56.32186981990241
1470.0,44.97753627587795
1471.0,42.841470321003406
1472.0,28.01040703647296
1473.0,22.575053000333465
1474.0,45.235134653716095
1475.0,95.7743186914444
1476.0,90.02418517624534
1477.0,9.005865253979577
1478.0,83.2103255652261
1479.0,44.60398238109956
1480.0,24.416370958229475
1481.0,67.31141882541372
1482.0,14.443997506240686
1483.0,28.149988568666483
1484.0,42.45533721432913
1485.0,110.49389348775173
1486.0,48.61936087045638
1487.0,106.37018008444024
1488.0,25.38147738648182
1489.0,24.81054899677001
1490.0,122.52404169331975
1491.0,95.84927377629643
1492.0,36.981034959035846
1493.0,70.91757895532048
1494.0,69.49182233345901
1495.0,27.05811125111712
1496.0,25.320235311719873
1497.0,31.3813816832446
1498.0,33.75280541092507
1499.0,111.06842467870145
1500.0,77.41346244375625
1501.0,41.52528805435535
1502.0,16.518179082096513
1503.0,97.55339190360594
1504.0,101.75794388693001
1505.0,29.576643738257495
1506.0,71.42796679201398
1507.0,73.07543462781507
1508.0,63.7063018760064
1509.0,88.22161659653318
1510.0,82.0544415519845
1511.0,43.57532787522442
1512.0,78.77632812049711
1513.0,52.19602611521995
1514.0,37.97112592050173
1515.0,78.07734315981422
1516.0,36.8077265959695
1517.0,108.15646414187569
1518.0,138.02165155395645
1519.0,69.27713242178413
1520.0,32.526863148811856
1521.0,25.851955368771666
1522.0,57.20802042396291
1523.0,17.509538746997904
1524.0,91.64570929723341
1525.0,63.10100055088367
1526.0,29.126098891007178
1527.0,16.749707758002618
1528.0,25.271429524483434
1529.0,34.821733198941175
1530.0,63.83516834262039
1531.0,78.55525889444674
1532.0,84.51736222540383
1533.0,27.538822271381378
1534.0,8.076547908613524
1535.0,10.181830941982575
1536.0,82.43778949801481
1537.0,26.850857598306796
1538.0,73.57846440709291
1539.0,66.52886882068904
1540.0,14.672258145996988
1541.0,15.547454767446617
1542.0,11.216954226742768
1543.0,105.15719983647323
1544.0,83.70970981124782
1545.0,43.674639901217354
1546.0,19.650585025652738
1547.0,32.51634243232266
1548.0,24.9644036561856
1549.0,44.718892422053315
1550.0,71.77294197718297
1551.0,33.87119323832389
1552.0,63.41466895500957
1553.0,81.13351028788077
1554.0,45.08239484460019
1555.0,28.187363445422854
1556.0,14.676557916958377
1557.0,91.32249182421052
1558.0,103.07830912161172
1559.0,87.32223468580126
1560.0,79.88555464898396
1561.0,98.4323902206042
1562.0,57.1568600450112
1563.0,52.69392713159416
1564.0,11.190463115114653
1565.0,56.975326352162455
1566.0,87.77072924382438
1567.0,32.26156184538087
1568.0,18.64138601902465
1569.0,78.43379791647382
1570.0,24.97905814192896
1571.0,32.691862339852534
1572.0,115.6722379405127
1573.0,77.9155158302111
1574.0,41.439349679004934
1575.0,64.11207120900112
1576.0,83.87954990667735
1577.0,32.68625752625605
1578.0,79.02959986386782
1579.0,33.15707752535448
1580.0,43.05268247011109
1581.0,20.53104351320304
1582.0,86.33542656989853
1583.0,40.719411399021396
1584.0,58.508400341132926
1585.0,71.31581566276807
1586.0,75.73671978356009
1587.0,41.474845228552645
1588.0,17.54709612866171
1589.0,9.05758746848302
1590.0,37.81974932237063
1591.0,29.40987351189217
1592.0,80.59178488257503
1593.0,82.43554215618
1594.0,35.15920618468207
1595.0,44.152541148735224
1596.0,37.58031475616771
1597.0,18.782240086156914
1598.0,69.14750900562481
1599.0,13.869797840756735
1600.0,55.25597587455999
1601.0,64.09049167994291
1602.0,16.18726957244793
1603.0,14.312074985799788
1604.0,52.34393951734265
1605.0,23.987278986518717
1606.0,45.950805161115504
1607.0,98.91761451054312
1608.0,18.37392083248656
1609.0,33.2432409754914
1610.0,42.740588649706815
1611.0,39.53338343431819
1612.0,65.8526769181959
1613.0,42.51281923366031
1614.0,59.47249713544609
1615.0,42.17553314520937
1616.0,70.97379690479379
1617.0,55.9475342443725
1618.0,58.431012144305726
1619.0,8.44192749344128
1620.0,91.98013650364979
1621.0,16.703045123452398
1622.0,76.94082274757454
1623.0,36.77151949505363
1624.0,2.6766918862687845
1625.0,92.19319387188398
1626.0,86.6898762352733
1627.0,40.69770550850568
1628.0,14.091652304212403
1629.0,17.47829704055126
1630.0,88.99837699874625
1631.0,22.6128804824577
1632.0,61.44165941032619
1633.0,22.560473093796663
1634.0,48.84527076045219
1635.0,114.5696099698617
1636.0,10.580278952122402
1637.0,123.30067804287823
1638.0,16.353698628367116
1639.0,12.428224034243177
1640.0,101.77073897196276
1641.0,20.344225595373313
1642.0,97.91906424386946
1643.0,9.100003854118187
1644.0,46.89429944967669
1645.0,33.744757387777845
1646.0,78.4629694235912
1647.0,68.03705121122785
1648.0,43.015349401803746
1649.0,19.026141695076173
1650.0,19.450765734024742
1651.0,98.87544555701214
1652.0,20.239215130234125
1653.0,73.67737179894854
1654.0,76.72360218422887
1655.0,84.19760183617561
1656.0,74.03111433728651
1657.0,65.19697506698895
1658.0,38.281994674084196
1659.0,26.912545525633874
1660.0,18.910022706180076
1661.0,46.80548401562643
1662.0,28.9694830089739
1663.0,25.53019484697838
1664.0,62.66409651970126
1665.0,78.86847225337279
1666.0,66.01013460211523
1667.0,29.251965641108676
1668.0,24.80150521931467
1669.0,40.677837357933996
1670.0,30.797185869052953
1671.0,91.11733685917334
1672.0,29.799521701063174
1673.0,42.883956367985675
1674.0,10.820494370661978
1675.0,84.13865164553461
1676.0,14.534184402809512
1677.0,114.6375942459199
1678.0,103.55652480241801
1679.0,30.62474032208204
1680.0,28.411854859939673
1681.0,77.18247161525666
1682.0,54.43594642472355
1683.0,53.14264452588582
1684.0,19.18312907434543
1685.0,42.46528668369623
1686.0,4.8532633626222745
1687.0,3.7740769851766096
1688.0,11.757720623141475
1689.0,105.38996982940618
1690.0,33.64056606390931
1691.0,69.95441379578119
1692.0,28.2267892739965
1693.0,37.93151017305288
1694.0,75.01576747528081
1695.0,32.22146817312508
1696.0,22.954384941763667
1697.0,63.35233945416245
1698.0,21.238309253680796
1699.0,80.7094243165411
1700.0,39.234577491972345
1701.0,48.11351951255949
1702.0,38.57669518113829
1703.0,50.47271965666382
1704.0,73.12073658362257
1705.0,44.226256604335966
1706.0,141.605920307288
1707.0,47.149145688931405
1708.0,46.31194651778133
1709.0,82.60103899986042
1710.0,97.23736746820691
1711.0,13.12321403944403
1712.0,97.58397261371142
1713.0,49.61403101010645
1714.0,-5.319834899749713
1715.0,47.783723780635974
1716.0,33.61597377229319
1717.0,54.08234061004091
1718.0,76.49423571768388
1719.0,48.65475400585478
1720.0,16.74671519438012
1721.0,32.03909285989481
1722.0,4.403894074612694
1723.0,46.38749579975143
1724.0,104.94753326202796
1725.0,42.37349953900028
1726.0,20.993899768117792
1727.0,25.175483390031815
1728.0,35.79668742886595
1729.0,88.35783318386196
1730.0,106.3842791679489
1731.0,73.15792484889505
1732.0,35.520372783522646
1733.0,8.44192749344128
1734.0,51.944377557080756
1735.0,17.50726336367291
1736.0,45.283247801782984
1737.0,29.610235033450852
1738.0,44.63458914335314
1739.0,18.375788855437612
1740.0,71.42751602359992
1741.0,47.10526083769292
1742.0,-8.645443484629295
1743.0,90.59414507599445
1744.0,13.209158706098416
1745.0,34.661592625403536
1746.0,29.80640380383648
1747.0,23.350266512894216
1748.0,78.9714941870454
1749.0,-3.384579572786518
1750.0,16.32892472262284
1751.0,23.14165491698769
1752.0,20.415098304559198
1753.0,72.88320758892868
1754.0,8.558205534602687
1755.0,7.023530550746262
1756.0,106.60681715640285
1757.0,70.33024545569258
1758.0,90.55686449700259
1759.0,1.9690865971332898
1760.0,75.27672866476425
1761.0,7.231260829370083
1762.0,74.37549462406406
1763.0,31.302262656812633
1764.0,29.53644359727089
1765.0,41.5366739611282
1766.0,67.62254462630159
1767.0,76.71637316040585
1768.0,72.59807047587034
1769.0,76.25625576947996
1770.0,33.095167991480025
1771.0,15.981663693950539
1772.0,24.380111210358
1773.0,32.755439616440114
1774.0,87.59009998147692
1775.0,117.57443299727872
1776.0,8.52677009291461
1777.0,63.23330107455392
1778.0,28.853988295963298
1779.0,57.10798193945844
1780.0,25.07547248763757
1781.0,13.029242456194016
1782.0,42.605143522583255
1783.0,50.18968437405961
1784.0,103.92854197091236
1785.0,44.74917634491065
1786.0,83.38043223804009
1787.0,98.8107330268385
1788.0,25.325169618775284
1789.0,65.47531772573937
1790.0,60.17861367880207
1791.0,9.598977010459768
1792.0,16.76761398624764
1793.0,52.05271512541189
1794.0,54.855711994928186
1795.0,31.722825115679242
1796.0,24.466953645510078
1797.0,88.1889511672772
1798.0,38.84922857114384
1799.0,89.87421853871
1800.0,20.518953181552938
1801.0,31.69852358416093
1802.0,103.81326534463571
1803.0,43.16507352786751
1804.0,91.21585080677379
1805.0,31.003515037632653
1806.0,75.80981282506836
1807.0,27.054315235498034
1808.0,16.723253343334566
1809.0,97.07183931800772
1810.0,85.70001304056244
1811.0,56.41041744979033
1812.0,81.76609242528477
1813.0,48.87659334220585
1814.0,14.462355159062932
1815.0,90.41363005984184
1816.0,35.257508421265484
1817.0,77.34334425993033
1818.0,43.083656641379335
1819.0,16.29508423714912
1820.0,17.572964136385522
1821.0,81.3192263272132
1822.0,33.78160395498122
1823.0,65.62136481312854
1824.0,97.93288267020218
1825.0,38.36893567727858
1826.0,34.9016406888152
1827.0,62.931183033195595
1828.0,26.483732628923136
1829.0,29.932187805382718
1830.0,67.62598161667748
1831.0,40.300789327227236
1832.0,14.076191623414674
1833.0,40.231837093933535
1834.0,127.28355327095194
1835.0,104.29650363067088
1836.0,44.754521409080496
1837.0,24.42506665743178
1838.0,34.269668398558785
1839.0,75.64495823611027
1840.0,4.463964441561198
1841.0,61.54305645491029
1842.0,10.502963335323521
1843.0,135.39633227602957
1844.0,62.557262339259324
1845.0,42.79279231159491
1846.0,43.11521333760799
1847.0,35.79699703337169
1848.0,77.10337810351044
1849.0,48.97670813033232
1850.0,88.13760744183902
1851.0,39.85391475970618
1852.0,26.917252931097888
1853.0,50.33051905816228
1854.0,51.58543450383686
1855.0,53.76678318579049
1856.0,52.712675656853804
1857.0,42.32698408027228
1858.0,66.54153998313525
1859.0,76.40227912980639
1860.0,61.90222041862138
1861.0,39.941253504745255
1862.0,31.53152866643589
1863.0,53.94397873095153
1864.0,30.10466488765133
1865.0,21.112217961424278
1866.0,18.49294691478419
1867.0,83.47585648849793
1868.0,34.7623823112626
1869.0,67.70545750544544
1870.0,66.46326279476133
1871.0,73.59272457313817
1872.0,18.35178720870812
1873.0,-0.42508392125016037
1874.0,6.963898892869463
1875.0,11.314187270891782
1876.0,79.77961048406499
1877.0,14.163994341863681
1878.0,34.894511686697214
1879.0,13.672244560149068
1880.0,64.20205160445668
1881.0,106.11253564603254
1882.0,73.20917914490349
1883.0,24.704087351665606
1884.0,86.62385547364363
1885.0,20.825995224574644
1886.0,94.25039725196446
1887.0,67.8960029102058
1888.0,99.12765594954618
1889.0,-9.918855663732414
1890.0,95.12974525771648
1891.0,40.6969476476217
1892.0,91.08080402608297
1893.0,44.136240411943355
1894.0,48.188915900624686
1895.0,46.727789038886755
1896.0,23.752686576489918
1897.0,88.83702659634147
1898.0,29.787434230416494
1899.0,35.41848412649748
1900.0,37.092437095572244
1901.0,84.11783874686863
1902.0,115.69147949032607
1903.0,19.570509131404393
1904.0,48.04185378863113
1905.0,14.139224541571712
1906.0,73.28034443932458
1907.0,28.35073279468523
1908.0,24.85125771753138
1909.0,133.11130326915296
1910.0,40.77041553445535
1911.0,28.917496065159444
1912.0,18.087196318669562
1913.0,59.56050073164738
1914.0,37.287135528261224
1915.0,16.77705425047217
1916.0,39.571097612791114
1917.0,87.62337799893352
1918.0,48.27980271044928
1919.0,108.09672071483295
1920.0,100.65102695557079
1921.0,23.978418790431732
1922.0,17.964285722009606
1923.0,54.81028443559369
1924.0,61.992287189557
1925.0,95.97138038852435
1926.0,68.06139722410119
1927.0,45.830614404750534
1928.0,41.68042640046301
1929.0,81.2085640143081
1930.0,39.84979881353503
1931.0,25.20021233999531
1932.0,63.25482740452261
1933.0,88.67602149894691
1934.0,35.31326113879813
1935.0,70.04833718672803
1936.0,9.09537424033272
1937.0,26.298499189835276
1938.0,31.288059296958963
1939.0,41.680728360491244
1940.0,89.00503754986455
1941.0,34.86435394552679
1942.0,40.81109591615509
1943.0,49.47809300136978
1944.0,108.32744261895856
1945.0,63.44952452656534
1946.0,41.06154471021645
1947.0,51.60046327134065
1948.0,70.95729672898352
1949.0,22.489856558110368
1950.0,74.80995733107036
1951.0,8.613227065435646
1952.0,86.15855089112169
1953.0,90.17263481824938
1954.0,25.219816157400658
1955.0,97.13642083302189
1956.0,-1.7406041946977084
1957.0,42.189839509132526
1958.0,84.69305889743089
1959.0,41.76765700407599
1960.0,54.2312530015481
1961.0,30.744188558231702
1962.0,54.22570612038091
1963.0,76.66493707327079
1964.0,102.85051608577444
1965.0,48.64921769467632
1966.0,38.8704850316545
1967.0,56.75474509636999
1968.0,46.6942529020327
1969.0,25.9538987716484
1970.0,3.9813132051687146
1971.0,79.92527922328829
1972.0,24.065393869563145
1973.0,42.188456792676
1974.0,52.14552818771724
1975.0,68.7861582509556
1976.0,7.050572869626761
1977.0,19.141023427614112
1978.0,10.538034825755982
1979.0,29.426939348652198
1980.0,7.896593872890064
1981.0,59.58414393720222
1982.0,137.17548843252504
1983.0,30.49220886547841
1984.0,17.800549409795256
1985.0,106.1498791958869
1986.0,85.60585323838825
1987.0,-1.3191321756741752
1988.0,94.11086431729476
1989.0,8.54258104955059
1990.0,44.495413378952136
1991.0,91.17170806038686
1992.0,7.085104308484421
1993.0,55.863113361030855
1994.0,88.85144542709297
1995.0,29.13477241842481
1996.0,74.88374073747869
1997.0,59.25807875274043
1998.0,111.95656486799237
1999.0,49.13305809787913
2000.0,46.57972879708941
2001.0,30.356759744340504
2002.0,66.95695976750424
2003.0,37.020214615062756
2004.0,78.53354969585214
2005.0,35.36003730217707
2006.0,20.974418894683257
2007.0,29.388070591755078
2008.0,60.62825157000287
2009.0,30.553391098723285
2010.0,53.79206868398158
2011.0,88.83019674384674
2012.0,26.743670682499513
2013.0,54.496932957302505
2014.0,92.02712248520771
2015.0,87.63202969850175
2016.0,87.52576805554655
2017.0,39.070935667011874
2018.0,90.70860480603058
2019.0,28.176920595557934
2020.0,10.51317156728563
2021.0,-6.787638030004096
2022.0,68.80851135256316
2023.0,84.66552371846055
2024.0,49.05301664383787
2025.0,103.3211901855762
2026.0,40.727817878914706
2027.0,75.74773725647417
2028.0,50.32284814617928
2029.0,30.480274067585746
2030.0,80.04420623851912
2031.0,51.041940600792884
2032.0,48.72664526772005
2033.0,10.148727245368066
2034.0,29.450317422924776
2035.0,18.306763011035592
2036.0,19.076907255325384
2037.0,33.14380327922547
2038.0,33.149812741704885
2039.0,69.16656528935474
2040.0,27.724144756029112
2041.0,19.837800610219226
2042.0,25.77072837088158
2043.0,27.7594040351808
2044.0,21.950530124500677
2045.0,23.068027074121627
2046.0,-9.918855663732414
2047.0,23.05443193685091
2048.0,25.782773435620545
2049.0,25.583731176330954
2050.0,57.62640307069126
2051.0,96.7873467678917
2052.0,114.73400739395528
2053.0,8.355446692465355
2054.0,101.32171676970144
2055.0,18.379511984230906
2056.0,34.45115721664354
2057.0,27.469288871819632
2058.0,26.124688427885495
2059.0,63.58747175311341
2060.0,99.4810120001682
2061.0,39.00661256046091
2062.0,57.39151674158742
2063.0,23.007962864847194
2064.0,53.5109081210016
2065.0,32.10390490214442
2066.0,38.65049043300618
2067.0,31.608758167006865
2068.0,22.891295430880795
2069.0,63.91996209805834
2070.0,91.16642048250755
2071.0,77.6190520389088
2072.0,20.982689138012255
2073.0,29.679772234571264
2074.0,5.325532800871872
2075.0,45.96598134434082
2076.0,35.46756447014652
2077.0,7.24752172565071
2078.0,3.288433402429239
2079.0,33.28868054670808
2080.0,58.95698081947864
2081.0,45.744380846970856
2082.0,97.58154289903088
2083.0,-0.4951890287230637
2084.0,33.06112672957644
2085.0,133.36320991952067
2086.0,15.313745870473603
2087.0,64.60174420030934
2088.0,20.33315926989135
2089.0,80.58344687922676
2090.0,63.80287064034064
2091.0,90.75650799311435
2092.0,64.13677479888382
2093.0,41.59222241698638
2094.0,26.895327317107668
2095.0,50.08033576008801
2096.0,13.018436428061621
2097.0,91.11374803440202
2098.0,87.81560040545946
2099.0,64.44445581564044
2100.0,-9.918855663732414
2101.0,100.72146797953512
2102.0,39.93929561850096
2103.0,22.733856521601176
2104.0,24.354960052276393
2105.0,97.7217414383163
2106.0,105.76912370992187
2107.0,67.05488557146764
2108.0,12.111224667239174
2109.0,74.70289854766412
2110.0,25.783117459686
2111.0,32.00267496169754
2112.0,123.93858263755412
2113.0,42.89633709860021
2114.0,91.80036662505591
2115.0,57.817172973917366
2116.0,24.085004128192782
2117.0,63.84135670822796
2118.0,52.28781815047926
2119.0,31.755585061545325
2120.0,87.67437369310787
2121.0,84.12625418015105
2122.0,99.47220569561425
2123.0,77.57759888645965
2124.0,42.374472136104
2125.0,102.46061256424375
2126.0,22.640449480223893
2127.0,25.970614013088444
2128.0,5.598524883881642
2129.0,67.19886205282705
2130.0,53.19410635808964
2131.0,78.58154044060483
2132.0,98.93649405994618
2133.0,25.749729214195952
2134.0,62.94876597208443
2135.0,87.85627030401189
2136.0,35.73466634923921
2137.0,102.22882968256842
2138.0,41.78115645114209
2139.0,14.243533564332159
2140.0,36.3589886408522
2141.0,50.60817092543396
2142.0,69.27480746591748
2143.0,25.837062001184293
2144.0,80.22494635541086
2145.0,45.059673336578314
2146.0,78.80920050053219
2147.0,58.46002428659133
2148.0,-0.1188357637324157
2149.0,78.97157980136745
2150.0,69.66356170887849
2151.0,95.28967082797588
2152.0,92.19998187498403
2153.0,76.5166890293097
2154.0,21.545787889024176
2155.0,-1.657995594000388
2156.0,60.8611846957045
2157.0,41.01684914766704
2158.0,26.233053129371214
2159.0,44.80525468191297
2160.0,51.549552415693654
2161.0,39.85961500336296
2162.0,18.40066431333081
2163.0,87.02685264486584
2164.0,78.25370897469959
2165.0,16.28749043897366
2166.0,61.19972885591593
2167.0,111.07397614100829
2168.0,26.582982426398434
2169.0,58.8650803903341
2170.0,74.22843291779581
2171.0,42.16271246074431
2172.0,25.188034158397794
2173.0,24.101475287685577
2174.0,109.18661616239426
2175.0,39.24459163197912
2176.0,40.81763078694935
2177.0,37.974849396169844
2178.0,46.92364022891755
2179.0,129.93455584033362
2180.0,107.88726124324393
2181.0,45.47471136010726
2182.0,100.86524752798948
2183.0,25.705905366178754
2184.0,54.01774913021672
2185.0,40.296527425172215
2186.0,73.89304708158161
2187.0,8.382887525325824
2188.0,40.98696053078147
2189.0,2.0199774824174535
2190.0,78.03074944444555
2191.0,73.20317233450994
2192.0,12.278616701059589
2193.0,50.82282328654818
2194.0,45.79159206909877
2195.0,42.57995667570129
2196.0,87.6578259893295
2197.0,67.27057355973068
2198.0,63.745900717705155
2199.0,83.69346131468129
2200.0,31.4499112434214
2201.0,28.672135685368538
2202.0,69.94362017610787
2203.0,33.60364194595072
2204.0,8.350584903865393
2205.0,62.663064744060826
2206.0,34.726359527457454
2207.0,62.688704546919226
2208.0,64.87568520772373
2209.0,21.421472000209217
2210.0,90.2902612431228
2211.0,91.04745975668729
2212.0,117.13487207595219
2213.0,78.07950779443603
2214.0,54.36775687945259
2215.0,43.60367366233726
2216.0,132.1225535078599
2217.0,48.25410064586776
2218.0,13.033323685172022
2219.0,83.71642476007817
2220.0,20.697250620030314
2221.0,99.45584565755047
2222.0,55.03256003920938
2223.0,59.13189376346968
2224.0,16.692417072925025
2225.0,7.537415956348053
2226.0,-9.918855663732414
2227.0,49.63920610346268
2228.0,24.582015820270605
2229.0,85.43735621178699
2230.0,51.85104236870415
2231.0,70.5113765421647
2232.0,101.94510347318543
2233.0,103.40777689781335
2234.0,-2.4478818925107917
2235.0,36.13565657198531
2236.0,95.75341192259827
2237.0,73.49444637395784
2238.0,79.34040100054685
2239.0,74.41030102251055
2240.0,25.9203250314852
2241.0,41.81023830786348
2242.0,30.837276548854025
2243.0,33.101301281840236
2244.0,36.72077755280446
2245.0,32.58110787326078
2246.0,4.469854365111565
2247.0,17.008611840953865
2248.0,7.595436277204322
2249.0,104.3757065949591
2250.0,-9.918855663732414
2251.0,15.330940846717391
2252.0,95.4239078220081
2253.0,14.85577157973765
2254.0,27.483732537215506
2255.0,89.90438316004513
2256.0,93.13108834001586
2257.0,55.67422622565043
2258.0,20.104176956874582
2259.0,106.1238350590142
2260.0,66.37849438911738
2261.0,-7.15661523840804
2262.0,78.70640007471492
2263.0,96.37911661168462
2264.0,4.878294996233708
2265.0,73.97481080318376
2266.0,94.6848332589517
2267.0,62.747313027212954
2268.0,56.6308158135717
2269.0,43.32115715354443
2270.0,52.76960987779222
2271.0,83.96857807067651
2272.0,18.271633465134585
2273.0,60.71095410612287
2274.0,68.56735261379401
2275.0,72.6919272423737
2276.0,30.066056867501395
2277.0,90.753766242873
2278.0,26.17748375870551
2279.0,2.6404817946954573
2280.0,48.7652347283296
2281.0,17.604012376733515
2282.0,103.8218230571271
2283.0,35.58722737707961
2284.0,31.933855825901304
2285.0,78.70809754366566
2286.0,77.34513323653216
2287.0,35.244203693505895
2288.0,117.05307160527896
2289.0,71.02954233936282
2290.0,32.31600434375029
2291.0,92.96370852918781
2292.0,15.113822354220575
2293.0,48.693742424391075
2294.0,18.17958461259013
2295.0,-0.7845967061434921
2296.0,27.393637565467813
2297.0,75.84889742711486
2298.0,22.815415513904362
2299.0,43.0223899893451
2300.0,33.54275683215226
2301.0,8.078365626146086
2302.0,27.585546389000466
2303.0,60.030384090861894
2304.0,22.325565750794272
2305.0,117.3502361656429
2306.0,93.32641700107327
2307.0,26.793707985616688
2308.0,18.39535446871585
2309.0,34.20555787367985
2310.0,54.33264468785053
2311.0,18.670219820272674
2312.0,23.317753755914293
2313.0,46.57888612882057
2314.0,26.964193515942632
2315.0,60.23644631584627
2316.0,48.111755408516146
2317.0,46.03888652577215
2318.0,5.581459049287886
2319.0,48.21128878257483
2320.0,100.38631527339211
2321.0,17.030573295038618
2322.0,18.046870227091308
2323.0,47.89218247314211
2324.0,66.72472320691499
2325.0,17.291467367200138
2326.0,69.06675529891201
2327.0,16.914979456030064
2328.0,15.043398897600111
2329.0,67.44572002674883
2330.0,58.96986519694436
2331.0,71.71987158976177
2332.0,19.93958019397505
2333.0,37.52639840844928
2334.0,67.73873328551244
2335.0,55.832831537051845
2336.0,59.85074695379401
2337.0,43.657851584171276
2338.0,102.74637423842158
2339.0,85.15351752145045
2340.0,19.024890918279663
2341.0,30.320313377395042
2342.0,74.0781534324928
2343.0,33.918090270795155
2344.0,80.24281938127547
2345.0,47.07581547901822
2346.0,81.89252196734844
2347.0,49.71671594918829
2348.0,49.51858275684599
2349.0,72.8301542738847
2350.0,85.71410206332442
2351.0,69.06222842793207
2352.0,96.78150148121796
2353.0,69.63251824584694
2354.0,72.81734949730382
2355.0,-1.8223867093880548
2356.0,100.6378283371602
2357.0,103.84553065325332
2358.0,38.014864730965265
2359.0,127.26792740424332
2360.0,62.7976700662426
2361.0,75.38471100774007
2362.0,71.53757556962911
2363.0,59.348020537145295
2364.0,29.680739134507295
2365.0,90.68678769605467
2366.0,33.23325600200241
2367.0,33.197717254402555
2368.0,34.85705104480129
2369.0,61.91391917998992
2370.0,59.416935683474
2371.0,36.30142438161543
2372.0,9.536706085590962
2373.0,57.71064587359945
2374.0,77.15249283633953
2375.0,-7.712532603608248
2376.0,92.39245490732085
2377.0,78.12102644367715
2378.0,20.2661799926587
2379.0,104.53925869222543
2380.0,104.20405975202924
2381.0,20.415948849948833
2382.0,16.26629554615522
2383.0,30.075087430988027
2384.0,54.3930031588863
2385.0,20.429999650635747
2386.0,37.59803575383719
2387.0,39.47174063073251
2388.0,30.921825167598595
2389.0,55.595143748860124
2390.0,28.145722170786666
2391.0,40.07177188261631
2392.0,68.66691235948178
2393.0,35.137782399137336
2394.0,62.14191875606747
2395.0,81.03304885560878
2396.0,26.327853325004188
2397.0,16.206625012822112
2398.0,115.43423595599866
2399.0,13.592027416090657
2400.0,17.058257164070646
2401.0,72.87097263943713
2402.0,31.852134066387006
2403.0,24.99897765857607
2404.0,27.54518536482212
2405.0,88.02148947797299
2406.0,49.997925165550576
2407.0,67.89507481717595
2408.0,21.39909521888904
2409.0,40.19514752364027
2410.0,23.884568482693133
2411.0,8.54258104955059
2412.0,20.55624501414778
2413.0,32.164581391855855
2414.0,30.522775216745238
2415.0,14.136459953781646
2416.0,26.96591980935119
2417.0,18.717442894856507
2418.0,60.462158075000374
2419.0,94.24690081494424
2420.0,94.6245322146714
2421.0,60.59837695042631
2422.0,100.09506311433988
2423.0,32.96633019766641
2424.0,46.754091345004014
2425.0,16.953126309961785
2426.0,8.633010213230715
2427.0,94.66535187453583
2428.0,50.99508143990638
2429.0,3.1959960778178944
2430.0,57.122666655705316
2431.0,107.08581416226096
2432.0,73.50561476373295
2433.0,19.936979537877875
2434.0,22.354240637813056
2435.0,65.24499678443999
2436.0,64.02628234811871
2437.0,16.630170429055248
2438.0,56.54203573239789
2439.0,98.30455736490043
2440.0,70.1981029463827
2441.0,-1.7132320599938755
2442.0,23.959003409303477
2443.0,36.09921922925646
2444.0,88.30372964742547
2445.0,60.43941480221874
2446.0,58.03732754789988
2447.0,82.5623506981722
2448.0,47.24241209274251
2449.0,34.656448447964706
2450.0,37.324135252238705
2451.0,11.898579446325282
2452.0,17.882490583820573
2453.0,23.027159881596234
2454.0,31.143034263379022
2455.0,30.807106738473077
2456.0,76.53908063417552
2457.0,52.9053270725724
2458.0,45.28464399660656
2459.0,26.36965650318867
2460.0,105.26490382435159
2461.0,67.23746045720891
2462.0,19.501750151287993
2463.0,19.259048011766314
2464.0,52.15047796387432
2465.0,6.577453345439724
2466.0,89.57839138070581
2467.0,59.032073442355454
2468.0,51.222321736300756
2469.0,26.675663901135067
2470.0,63.657881337607925
2471.0,55.62847755020706
2472.0,43.483313788566456
2473.0,48.068503527207824
2474.0,47.20965246914706
2475.0,47.92806555301412
2476.0,29.35352620897964
2477.0,57.80059652356229
2478.0,73.41226935014421
2479.0,61.04144247834141
2480.0,26.987619967696435
2481.0,39.69746618511875
2482.0,5.161710859500978
2483.0,17.402171936474293
2484.0,17.222676069069863
2485.0,13.772298545208391
2486.0,69.31214489518113
2487.0,29.10664514186582
2488.0,16.484571219279374
2489.0,47.030624426143795
2490.0,92.67365122622924
2491.0,44.780623366371486
2492.0,37.13001045237079
2493.0,86.22367186534679
2494.0,16.173207339256056
2495.0,69.76456163203224
2496.0,26.1377189177793
2497.0,87.485187715025
2498.0,100.76154714034764
2499.0,31.983568646114577
2500.0,65.58062234447367
